Designator,Footprint,Quantity,Value,LCSC Part #
"C1, C2, C3, C4",C_Disc_D5.0mm_W2.5mm_P2.54mm,4,100n,
D1,D_DO-34_SOD68_P7.62mm_Horizontal,1,BAT46,
H1,MountingHole_3.2mm_M3_DIN965,1,MountingHole,
JP1,PinHeader_1x02_P2.54mm_Vertical,1,PWR,
JP2,PinHeader_1x03_P2.54mm_Vertical,1,Addr,
JP3,PinHeader_1x03_P2.54mm_Vertical,1,IRQ,
JP4,PinHeader_2x02_P2.54mm_Vertical,1,SER,
JP5,PinHeader_2x02_P2.54mm_Vertical,1,Clock,
P1,PinHeader_1x06_P2.54mm_Horizontal,1,Serial,
"R1, R2, R3, R4",R_Axial_DIN0207_L6.3mm_D2.5mm_P7.62mm_Horizontal,4,2k2,
"R5, R6",R_Axial_DIN0207_L6.3mm_D2.5mm_P7.62mm_Horizontal,2,100k,
RN1,R_Array_SIP5,1,10k,
S1,PinHeader_RCBus80,1,RCBus80,
U1,DIP-40_W15.24mm,1,Z80-CPU,
U2,PLCC-44_THT-Socket,1,16C550PLCC,
U3,DIP-16_W7.62mm,1,74HCT138,
U4,DIP-14_W7.62mm,1,74HCT02,
X1,Oscillator_DIP-8,1,"7,37MHz",
